{
  "probabilities": {
    "buffer_overflow": {
      "bo": 0.546728,
      "fs": 0.336042,
      "uaf": 0.381443
    },
    "format_string": {
      "bo": 0.553822,
      "fs": 0.547714,
      "uaf": 0.691319
    },
    "use_after_free": {
      "bo": 0.54679,
      "fs": 0.56041,
      "uaf": 0.193698
    },
    "safe_code": {
      "bo": 0.549841,
      "fs": 0.425368,
      "uaf": 0.063118
    },
    "combined_bo_fs": {
      "bo": 0.550687,
      "fs": 0.471865,
      "uaf": 0.601546
    }
  },
  "thresholds": {
    "bo": 0.461558,
    "fs": 0.48,
    "uaf": 0.316834
  },
  "fs": 0.56
}