{
  "dataset_name": "bo_test",
  "threshold": 0.05,
  "accuracy": 0.9036777583187391,
  "precision": 0.8501529051987767,
  "recall": 0.9788732394366197,
  "f1": 0.9099836333878887,
  "mcc": 0.8168056920627972,
  "roc_auc": 0.9715665265304566,
  "pr_auc": 0.9710427986407821,
  "fpr": 0.17073170731707318,
  "fnr": 0.02112676056338028,
  "tp": 834,
  "fp": 147,
  "tn": 714,
  "fn": 18,
  "epoch": null
}