{
  "dataset": "bo",
  "input_dim": 32,
  "n_selected": 32,
  "n_qubits": 8,
  "n_stages": 4,
  "weights": {
    "alpha": 0.4,
    "beta": 0.35,
    "gamma": 0.25
  },
  "selected_indices": [
    2,
    5,
    8,
    4,
    61,
    0,
    47,
    13,
    3,
    1,
    28,
    6,
    60,
    17,
    52,
    22,
    27,
    7,
    23,
    37,
    44,
    58,
    15,
    50,
    24,
    32,
    56,
    18,
    36,
    29,
    19,
    30,
    34,
    57,
    9,
    10,
    42,
    11,
    12,
    14,
    16,
    20,
    26,
    46,
    25,
    21,
    35,
    31,
    51,
    33,
    40,
    38,
    39,
    43,
    41,
    55,
    53,
    45,
    49,
    59,
    48,
    62,
    54,
    63
  ],
  "stage_indices": [
    [
      2,
      5,
      8,
      4,
      61,
      0,
      47,
      13
    ],
    [
      3,
      1,
      28,
      6,
      60,
      17,
      52,
      22
    ],
    [
      27,
      7,
      23,
      37,
      44,
      58,
      15,
      50
    ],
    [
      24,
      32,
      56,
      18,
      36,
      29,
      19,
      30
    ]
  ],
  "top5_composite_scores": [
    [
      2,
      0.7078444361686707
    ],
    [
      5,
      0.6657699346542358
    ],
    [
      8,
      0.5877872705459595
    ],
    [
      4,
      0.5849910378456116
    ],
    [
      0,
      0.5
    ]
  ]
}