{
  "dataset_name": "bo_final_test",
  "threshold": 0.34396984924623114,
  "accuracy": 0.9054290718038529,
  "precision": 0.8513238289205702,
  "recall": 0.9812206572769953,
  "f1": 0.9116684841875682,
  "mcc": 0.82049500685034,
  "roc_auc": 0.9723128745371961,
  "pr_auc": 0.97172780471619,
  "fpr": 0.16957026713124274,
  "fnr": 0.018779342723004695,
  "tp": 836,
  "fp": 146,
  "tn": 715,
  "fn": 16,
  "epoch": null
}