{
  "dataset_name": "bo_test",
  "threshold": 0.357537688442211,
  "accuracy": 0.9060128429655575,
  "precision": 0.8529111338100103,
  "recall": 0.9800469483568075,
  "f1": 0.9120699071545604,
  "mcc": 0.821231232769444,
  "roc_auc": 0.9708631190939676,
  "pr_auc": 0.9653452535598668,
  "fpr": 0.1672473867595819,
  "fnr": 0.01995305164319249,
  "tp": 835,
  "fp": 144,
  "tn": 717,
  "fn": 17,
  "epoch": null
}