{
  "dataset_name": "bo_vqc_test",
  "threshold": 0.5,
  "accuracy": 0.8978400467016929,
  "precision": 0.8732083792723263,
  "recall": 0.9295774647887324,
  "f1": 0.900511654349062,
  "mcc": 0.797388077978486,
  "roc_auc": 0.9671613692998098,
  "pr_auc": 0.9639463255900168,
  "fpr": 0.13356562137049943,
  "fnr": 0.07042253521126761,
  "tp": 792,
  "fp": 115,
  "tn": 746,
  "fn": 60,
  "epoch": null
}