{
  "dataset_name": "fs_test",
  "threshold": 0.11203435063362122,
  "accuracy": 0.6798516687268232,
  "precision": 0.6373831775700934,
  "recall": 0.8399014778325123,
  "f1": 0.7247608926673751,
  "mcc": 0.37876247234312815,
  "roc_auc": 0.7039995599506167,
  "pr_auc": 0.6702136627098092,
  "fpr": 0.4813895781637717,
  "fnr": 0.16009852216748768,
  "tp": 341,
  "fp": 194,
  "tn": 209,
  "fn": 65,
  "epoch": null
}