{
  "dataset_name": "fs_test",
  "threshold": 0.20829145728643217,
  "accuracy": 0.6823238566131026,
  "precision": 0.6382189239332097,
  "recall": 0.8472906403940886,
  "f1": 0.728042328042328,
  "mcc": 0.3853432075241256,
  "roc_auc": 0.7165409673752277,
  "pr_auc": 0.683357922401331,
  "fpr": 0.4838709677419355,
  "fnr": 0.15270935960591134,
  "tp": 344,
  "fp": 195,
  "tn": 208,
  "fn": 62,
  "epoch": null
}