{
  "dataset": "fs",
  "input_dim": 32,
  "n_selected": 64,
  "n_qubits": 8,
  "n_stages": 8,
  "weights": {
    "alpha": 0.4,
    "beta": 0.35,
    "gamma": 0.25
  },
  "selected_indices": [
    0,
    5,
    14,
    3,
    8,
    35,
    60,
    19,
    46,
    29,
    45,
    44,
    21,
    43,
    10,
    38,
    37,
    61,
    34,
    49,
    31,
    33,
    2,
    48,
    15,
    52,
    36,
    58,
    59,
    32,
    4,
    56,
    18,
    6,
    47,
    1,
    55,
    7,
    17,
    24,
    39,
    53,
    41,
    23,
    57,
    12,
    9,
    42,
    11,
    26,
    28,
    13,
    54,
    16,
    20,
    22,
    50,
    25,
    27,
    30,
    40,
    51,
    62,
    63
  ],
  "stage_indices": [
    [
      0,
      5,
      14,
      3,
      8,
      35,
      60,
      19
    ],
    [
      46,
      29,
      45,
      44,
      21,
      43,
      10,
      38
    ],
    [
      37,
      61,
      34,
      49,
      31,
      33,
      2,
      48
    ],
    [
      15,
      52,
      36,
      58,
      59,
      32,
      4,
      56
    ],
    [
      18,
      6,
      47,
      1,
      55,
      7,
      17,
      24
    ],
    [
      39,
      53,
      41,
      23,
      57,
      12,
      9,
      42
    ],
    [
      11,
      26,
      28,
      13,
      54,
      16,
      20,
      22
    ],
    [
      50,
      25,
      27,
      30,
      40,
      51,
      62,
      63
    ]
  ],
  "top5_composite_scores": [
    [
      0,
      0.7861036658287048
    ],
    [
      5,
      0.6390513181686401
    ],
    [
      14,
      0.5562168955802917
    ],
    [
      3,
      0.5442765355110168
    ],
    [
      8,
      0.5230934619903564
    ]
  ]
}