{
  "dataset_name": "fs_vqc_test",
  "threshold": 0.4336128830909729,
  "accuracy": 0.6625463535228677,
  "precision": 0.6535796766743649,
  "recall": 0.6970443349753694,
  "f1": 0.6746126340882003,
  "mcc": 0.3256429551064044,
  "roc_auc": 0.7007297485606718,
  "pr_auc": 0.6787626480254172,
  "fpr": 0.37220843672456577,
  "fnr": 0.30295566502463056,
  "tp": 283,
  "fp": 150,
  "tn": 253,
  "fn": 123,
  "epoch": null
}