{
  "dataset_name": "uaf_vqc_test",
  "threshold": 0.5241131782531738,
  "accuracy": 0.8283582089552238,
  "precision": 0.8360655737704918,
  "recall": 0.796875,
  "f1": 0.816,
  "mcc": 0.6559976231088752,
  "roc_auc": 0.896986607142857,
  "pr_auc": 0.8640164583582179,
  "fpr": 0.14285714285714285,
  "fnr": 0.203125,
  "tp": 51,
  "fp": 10,
  "tn": 60,
  "fn": 13,
  "epoch": null
}