{
  "dataset_name": "uaf_test",
  "threshold": 0.23090452261306532,
  "accuracy": 0.8880597014925373,
  "precision": 0.8356164383561644,
  "recall": 0.953125,
  "f1": 0.8905109489051095,
  "mcc": 0.784062688098048,
  "roc_auc": 0.9049107142857142,
  "pr_auc": 0.8216123917379704,
  "fpr": 0.17142857142857143,
  "fnr": 0.046875,
  "tp": 61,
  "fp": 12,
  "tn": 58,
  "fn": 3,
  "epoch": null
}