{
  "dataset": "uaf",
  "input_dim": 32,
  "n_selected": 16,
  "n_qubits": 8,
  "n_stages": 2,
  "weights": {
    "alpha": 0.4,
    "beta": 0.35,
    "gamma": 0.25
  },
  "selected_indices": [
    19,
    8,
    15,
    3,
    1,
    2,
    12,
    26,
    5,
    9,
    6,
    25,
    13,
    29,
    20,
    18
  ],
  "stage1_indices": [
    19,
    8,
    15,
    3,
    1,
    2,
    12,
    26
  ],
  "stage2_indices": [
    5,
    9,
    6,
    25,
    13,
    29,
    20,
    18
  ],
  "top5_composite_scores": [
    [
      19,
      0.764437735080719
    ],
    [
      8,
      0.6142421960830688
    ],
    [
      15,
      0.6037706732749939
    ],
    [
      3,
      0.567263126373291
    ],
    [
      1,
      0.5520118474960327
    ]
  ]
}