{
  "dataset_name": "uaf_final_test",
  "threshold": 0.15402010050251258,
  "accuracy": 0.9179104477611940,
  "precision": 0.8840579710144928,
  "recall": 0.953125,
  "f1": 0.9174311926605505,
  "mcc": 0.8384185791435466,
  "roc_auc": 0.9375,
  "pr_auc": 0.9203743724766726,
  "fpr": 0.11428571428571428,
  "fnr": 0.046875,
  "tp": 61,
  "fp": 8,
  "tn": 62,
  "fn": 3,
  "epoch": null
}
