{
  "dataset_name": "uaf_test",
  "threshold": 0.95,
  "accuracy": 0.8432835820895522,
  "precision": 0.864406779661017,
  "recall": 0.796875,
  "f1": 0.8292682926829268,
  "mcc": 0.6868182657041988,
  "roc_auc": 0.9274553571428571,
  "pr_auc": 0.9225933778678195,
  "fpr": 0.11428571428571428,
  "fnr": 0.203125,
  "tp": 51,
  "fp": 8,
  "tn": 62,
  "fn": 13,
  "epoch": null
}